"id","order_id","product_id","quantity","price","created_at","updated_at"
1,20,6,1,11.0,"2023-03-20 14:47:12","2023-03-20 14:47:12"
2,20,7,3,14.0,"2023-03-20 14:47:12","2023-03-20 14:47:12"
3,20,8,2,18.0,"2023-03-20 14:47:12","2023-03-20 14:47:12"
4,21,6,1,11.0,"2023-03-20 14:51:13","2023-03-20 14:51:13"
5,21,7,3,14.0,"2023-03-20 14:51:13","2023-03-20 14:51:13"
6,21,8,2,18.0,"2023-03-20 14:51:13","2023-03-20 14:51:13"
7,22,6,1,11.0,"2023-03-20 14:54:28","2023-03-20 14:54:28"
8,22,7,3,14.0,"2023-03-20 14:54:28","2023-03-20 14:54:28"
9,22,8,2,18.0,"2023-03-20 14:54:28","2023-03-20 14:54:28"
10,23,6,1,11.0,"2023-03-20 15:56:10","2023-03-20 15:56:10"
11,23,7,3,14.0,"2023-03-20 15:56:10","2023-03-20 15:56:10"
12,23,8,2,18.0,"2023-03-20 15:56:10","2023-03-20 15:56:10"
13,24,6,1,11.0,"2023-03-20 15:58:17","2023-03-20 15:58:17"
14,24,7,3,14.0,"2023-03-20 15:58:17","2023-03-20 15:58:17"
15,24,8,2,18.0,"2023-03-20 15:58:17","2023-03-20 15:58:17"
16,25,6,1,11.0,"2023-03-20 16:05:52","2023-03-20 16:05:52"
17,25,7,3,14.0,"2023-03-20 16:05:52","2023-03-20 16:05:52"
18,25,8,2,18.0,"2023-03-20 16:05:52","2023-03-20 16:05:52"
19,26,6,1,11.0,"2023-03-20 16:07:12","2023-03-20 16:07:12"
20,26,7,3,14.0,"2023-03-20 16:07:12","2023-03-20 16:07:12"
21,26,8,2,18.0,"2023-03-20 16:07:12","2023-03-20 16:07:12"
22,27,6,1,11.0,"2023-03-20 16:10:29","2023-03-20 16:10:29"
23,27,7,3,14.0,"2023-03-20 16:10:29","2023-03-20 16:10:29"
24,27,8,2,18.0,"2023-03-20 16:10:29","2023-03-20 16:10:29"
25,28,6,1,11.0,"2023-03-20 16:20:04","2023-03-20 16:20:04"
26,28,7,3,14.0,"2023-03-20 16:20:04","2023-03-20 16:20:04"
27,28,8,2,18.0,"2023-03-20 16:20:04","2023-03-20 16:20:04"
28,29,6,1,11.0,"2023-03-20 16:21:42","2023-03-20 16:21:42"
29,29,7,3,14.0,"2023-03-20 16:21:42","2023-03-20 16:21:42"
30,29,8,2,18.0,"2023-03-20 16:21:42","2023-03-20 16:21:42"
31,30,6,1,11.0,"2023-03-20 16:25:48","2023-03-20 16:25:48"
32,30,7,3,14.0,"2023-03-20 16:25:48","2023-03-20 16:25:48"
33,30,8,2,18.0,"2023-03-20 16:25:48","2023-03-20 16:25:48"
34,31,6,1,11.0,"2023-03-20 16:44:06","2023-03-20 16:44:06"
35,31,7,3,14.0,"2023-03-20 16:44:06","2023-03-20 16:44:06"
36,31,8,2,18.0,"2023-03-20 16:44:06","2023-03-20 16:44:06"
37,32,6,1,11.0,"2023-03-20 16:45:06","2023-03-20 16:45:06"
38,32,7,3,14.0,"2023-03-20 16:45:06","2023-03-20 16:45:06"
39,32,8,2,18.0,"2023-03-20 16:45:06","2023-03-20 16:45:06"
40,33,6,1,11.0,"2023-03-20 16:53:57","2023-03-20 16:53:57"
41,33,7,3,14.0,"2023-03-20 16:53:57","2023-03-20 16:53:57"
42,33,8,2,18.0,"2023-03-20 16:53:57","2023-03-20 16:53:57"
43,34,6,1,11.0,"2023-03-20 16:54:06","2023-03-20 16:54:06"
44,34,7,3,14.0,"2023-03-20 16:54:06","2023-03-20 16:54:06"
45,34,8,2,18.0,"2023-03-20 16:54:06","2023-03-20 16:54:06"
46,35,4,1,10.0,"2023-03-20 18:33:11","2023-03-20 18:33:11"
47,35,5,1,10.0,"2023-03-20 18:33:11","2023-03-20 18:33:11"
48,35,6,3,11.0,"2023-03-20 18:33:11","2023-03-20 18:33:11"
49,36,4,1,10.0,"2023-03-20 18:35:12","2023-03-20 18:35:12"
50,36,5,1,10.0,"2023-03-20 18:35:12","2023-03-20 18:35:12"
51,36,6,3,11.0,"2023-03-20 18:35:12","2023-03-20 18:35:12"
52,37,4,1,10.0,"2023-03-20 18:35:12","2023-03-20 18:35:12"
53,37,5,1,10.0,"2023-03-20 18:35:12","2023-03-20 18:35:12"
54,37,6,3,11.0,"2023-03-20 18:35:12","2023-03-20 18:35:12"
55,38,4,1,10.0,"2023-03-20 18:35:12","2023-03-20 18:35:12"
56,38,5,1,10.0,"2023-03-20 18:35:12","2023-03-20 18:35:12"
57,38,6,3,11.0,"2023-03-20 18:35:12","2023-03-20 18:35:12"
58,39,4,1,10.0,"2023-03-20 18:38:23","2023-03-20 18:38:23"
59,39,5,1,10.0,"2023-03-20 18:38:23","2023-03-20 18:38:23"
60,39,6,3,11.0,"2023-03-20 18:38:23","2023-03-20 18:38:23"
61,40,4,1,10.0,"2023-03-20 18:38:23","2023-03-20 18:38:23"
62,40,5,1,10.0,"2023-03-20 18:38:23","2023-03-20 18:38:23"
63,40,6,3,11.0,"2023-03-20 18:38:23","2023-03-20 18:38:23"
64,41,4,1,10.0,"2023-03-20 18:38:23","2023-03-20 18:38:23"
65,41,5,1,10.0,"2023-03-20 18:38:23","2023-03-20 18:38:23"
66,41,6,3,11.0,"2023-03-20 18:38:23","2023-03-20 18:38:23"
67,42,4,1,10.0,"2023-03-20 18:40:03","2023-03-20 18:40:03"
68,42,5,1,10.0,"2023-03-20 18:40:03","2023-03-20 18:40:03"
69,42,6,3,11.0,"2023-03-20 18:40:03","2023-03-20 18:40:03"
70,43,4,1,10.0,"2023-03-20 18:40:03","2023-03-20 18:40:03"
71,43,5,1,10.0,"2023-03-20 18:40:03","2023-03-20 18:40:03"
72,43,6,3,11.0,"2023-03-20 18:40:03","2023-03-20 18:40:03"
73,44,4,1,10.0,"2023-03-20 18:40:03","2023-03-20 18:40:03"
74,44,5,1,10.0,"2023-03-20 18:40:03","2023-03-20 18:40:03"
75,44,6,3,11.0,"2023-03-20 18:40:03","2023-03-20 18:40:03"
76,45,4,1,10.0,"2023-03-20 18:42:41","2023-03-20 18:42:41"
77,45,5,1,10.0,"2023-03-20 18:42:41","2023-03-20 18:42:41"
78,45,6,3,11.0,"2023-03-20 18:42:41","2023-03-20 18:42:41"
79,46,4,1,10.0,"2023-03-20 18:43:06","2023-03-20 18:43:06"
80,46,5,1,10.0,"2023-03-20 18:43:06","2023-03-20 18:43:06"
81,46,6,3,11.0,"2023-03-20 18:43:06","2023-03-20 18:43:06"
82,47,4,1,10.0,"2023-03-20 18:43:28","2023-03-20 18:43:28"
83,47,5,1,10.0,"2023-03-20 18:43:28","2023-03-20 18:43:28"
84,47,6,3,11.0,"2023-03-20 18:43:28","2023-03-20 18:43:28"
85,48,4,1,10.0,"2023-03-20 18:43:28","2023-03-20 18:43:28"
86,48,5,1,10.0,"2023-03-20 18:43:28","2023-03-20 18:43:28"
87,48,6,3,11.0,"2023-03-20 18:43:28","2023-03-20 18:43:28"
88,49,4,1,10.0,"2023-03-20 18:43:28","2023-03-20 18:43:28"
89,49,5,1,10.0,"2023-03-20 18:43:28","2023-03-20 18:43:28"
90,49,6,3,11.0,"2023-03-20 18:43:28","2023-03-20 18:43:28"
91,50,4,1,10.0,"2023-03-20 18:45:30","2023-03-20 18:45:30"
92,50,5,1,10.0,"2023-03-20 18:45:30","2023-03-20 18:45:30"
93,50,6,3,11.0,"2023-03-20 18:45:30","2023-03-20 18:45:30"
94,51,4,1,10.0,"2023-03-20 18:45:30","2023-03-20 18:45:30"
95,51,5,1,10.0,"2023-03-20 18:45:30","2023-03-20 18:45:30"
96,51,6,3,11.0,"2023-03-20 18:45:30","2023-03-20 18:45:30"
97,52,4,1,10.0,"2023-03-20 18:45:30","2023-03-20 18:45:30"
98,52,5,1,10.0,"2023-03-20 18:45:30","2023-03-20 18:45:30"
99,52,6,3,11.0,"2023-03-20 18:45:30","2023-03-20 18:45:30"
100,53,4,1,10.0,"2023-03-20 18:46:37","2023-03-20 18:46:37"
101,53,5,1,10.0,"2023-03-20 18:46:37","2023-03-20 18:46:37"
102,53,6,3,11.0,"2023-03-20 18:46:37","2023-03-20 18:46:37"
103,54,4,1,10.0,"2023-03-20 18:46:37","2023-03-20 18:46:37"
104,54,5,1,10.0,"2023-03-20 18:46:37","2023-03-20 18:46:37"
105,54,6,3,11.0,"2023-03-20 18:46:37","2023-03-20 18:46:37"
106,55,4,1,10.0,"2023-03-20 18:46:37","2023-03-20 18:46:37"
107,55,5,1,10.0,"2023-03-20 18:46:37","2023-03-20 18:46:37"
108,55,6,3,11.0,"2023-03-20 18:46:37","2023-03-20 18:46:37"
109,56,4,1,10.0,"2023-03-21 15:44:50","2023-03-21 15:44:50"
110,56,5,1,10.0,"2023-03-21 15:44:50","2023-03-21 15:44:50"
111,56,6,3,11.0,"2023-03-21 15:44:50","2023-03-21 15:44:50"
112,57,4,1,10.0,"2023-03-21 15:44:50","2023-03-21 15:44:50"
113,57,5,1,10.0,"2023-03-21 15:44:50","2023-03-21 15:44:50"
114,57,6,3,11.0,"2023-03-21 15:44:50","2023-03-21 15:44:50"
115,58,4,1,10.0,"2023-03-21 15:44:50","2023-03-21 15:44:50"
116,58,5,1,10.0,"2023-03-21 15:44:50","2023-03-21 15:44:50"
117,58,6,3,11.0,"2023-03-21 15:44:50","2023-03-21 15:44:50"
118,59,4,1,10.0,"2023-03-21 15:47:27","2023-03-21 15:47:27"
119,59,5,1,10.0,"2023-03-21 15:47:27","2023-03-21 15:47:27"
120,59,6,3,11.0,"2023-03-21 15:47:27","2023-03-21 15:47:27"
121,60,4,1,10.0,"2023-03-21 15:47:27","2023-03-21 15:47:27"
122,60,5,1,10.0,"2023-03-21 15:47:27","2023-03-21 15:47:27"
123,60,6,3,11.0,"2023-03-21 15:47:27","2023-03-21 15:47:27"
124,61,4,1,10.0,"2023-03-21 15:47:27","2023-03-21 15:47:27"
125,61,5,1,10.0,"2023-03-21 15:47:27","2023-03-21 15:47:27"
126,61,6,3,11.0,"2023-03-21 15:47:27","2023-03-21 15:47:27"
127,62,4,1,10.0,"2023-03-21 16:07:29","2023-03-21 16:07:29"
128,62,5,1,10.0,"2023-03-21 16:07:29","2023-03-21 16:07:29"
129,62,6,3,11.0,"2023-03-21 16:07:29","2023-03-21 16:07:29"
130,63,4,1,10.0,"2023-03-21 16:08:10","2023-03-21 16:08:10"
131,63,5,1,10.0,"2023-03-21 16:08:10","2023-03-21 16:08:10"
132,63,6,3,11.0,"2023-03-21 16:08:10","2023-03-21 16:08:10"
133,64,4,1,10.0,"2023-03-21 16:08:10","2023-03-21 16:08:10"
134,64,5,1,10.0,"2023-03-21 16:08:10","2023-03-21 16:08:10"
135,64,6,3,11.0,"2023-03-21 16:08:10","2023-03-21 16:08:10"
136,65,4,1,10.0,"2023-03-21 16:08:10","2023-03-21 16:08:10"
137,65,5,1,10.0,"2023-03-21 16:08:10","2023-03-21 16:08:10"
138,65,6,3,11.0,"2023-03-21 16:08:10","2023-03-21 16:08:10"
139,66,4,1,10.0,"2023-03-21 16:09:52","2023-03-21 16:09:52"
140,66,5,1,10.0,"2023-03-21 16:09:52","2023-03-21 16:09:52"
141,66,6,3,11.0,"2023-03-21 16:09:52","2023-03-21 16:09:52"
142,67,4,1,10.0,"2023-03-21 16:09:59","2023-03-21 16:09:59"
143,67,5,1,10.0,"2023-03-21 16:09:59","2023-03-21 16:09:59"
144,67,6,3,11.0,"2023-03-21 16:09:59","2023-03-21 16:09:59"
145,68,4,1,10.0,"2023-03-21 16:11:32","2023-03-21 16:11:32"
146,68,5,1,10.0,"2023-03-21 16:11:32","2023-03-21 16:11:32"
147,68,6,3,11.0,"2023-03-21 16:11:32","2023-03-21 16:11:32"
148,69,4,1,10.0,"2023-03-21 16:11:32","2023-03-21 16:11:32"
149,69,5,1,10.0,"2023-03-21 16:11:32","2023-03-21 16:11:32"
150,69,6,3,11.0,"2023-03-21 16:11:32","2023-03-21 16:11:32"
151,70,4,1,10.0,"2023-03-21 16:11:32","2023-03-21 16:11:32"
152,70,5,1,10.0,"2023-03-21 16:11:32","2023-03-21 16:11:32"
153,70,6,3,11.0,"2023-03-21 16:11:32","2023-03-21 16:11:32"
154,71,4,1,10.0,"2023-03-21 16:13:15","2023-03-21 16:13:15"
155,71,5,1,10.0,"2023-03-21 16:13:15","2023-03-21 16:13:15"
156,71,6,3,11.0,"2023-03-21 16:13:15","2023-03-21 16:13:15"
157,72,4,1,10.0,"2023-03-21 16:13:15","2023-03-21 16:13:15"
158,72,5,1,10.0,"2023-03-21 16:13:15","2023-03-21 16:13:15"
159,72,6,3,11.0,"2023-03-21 16:13:15","2023-03-21 16:13:15"
160,73,4,1,10.0,"2023-03-21 16:13:15","2023-03-21 16:13:15"
161,73,5,1,10.0,"2023-03-21 16:13:15","2023-03-21 16:13:15"
162,73,6,3,11.0,"2023-03-21 16:13:15","2023-03-21 16:13:15"
163,74,4,1,10.0,"2023-03-21 16:14:35","2023-03-21 16:14:35"
164,74,5,1,10.0,"2023-03-21 16:14:35","2023-03-21 16:14:35"
165,74,6,3,11.0,"2023-03-21 16:14:35","2023-03-21 16:14:35"
166,75,4,1,10.0,"2023-03-21 16:14:35","2023-03-21 16:14:35"
167,75,5,1,10.0,"2023-03-21 16:14:35","2023-03-21 16:14:35"
168,75,6,3,11.0,"2023-03-21 16:14:35","2023-03-21 16:14:35"
169,76,4,1,10.0,"2023-03-21 16:14:35","2023-03-21 16:14:35"
170,76,5,1,10.0,"2023-03-21 16:14:35","2023-03-21 16:14:35"
171,76,6,3,11.0,"2023-03-21 16:14:35","2023-03-21 16:14:35"
172,77,4,1,10.0,"2023-03-21 16:15:28","2023-03-21 16:15:28"
173,77,5,1,10.0,"2023-03-21 16:15:28","2023-03-21 16:15:28"
174,77,6,3,11.0,"2023-03-21 16:15:28","2023-03-21 16:15:28"
175,78,4,1,10.0,"2023-03-21 16:15:28","2023-03-21 16:15:28"
176,78,5,1,10.0,"2023-03-21 16:15:28","2023-03-21 16:15:28"
177,78,6,3,11.0,"2023-03-21 16:15:28","2023-03-21 16:15:28"
178,79,4,1,10.0,"2023-03-21 16:15:28","2023-03-21 16:15:28"
179,79,5,1,10.0,"2023-03-21 16:15:28","2023-03-21 16:15:28"
180,79,6,3,11.0,"2023-03-21 16:15:28","2023-03-21 16:15:28"
181,80,4,1,10.0,"2023-03-21 16:18:25","2023-03-21 16:18:25"
182,80,5,1,10.0,"2023-03-21 16:18:25","2023-03-21 16:18:25"
183,80,6,3,11.0,"2023-03-21 16:18:25","2023-03-21 16:18:25"
184,81,4,1,10.0,"2023-03-21 16:18:25","2023-03-21 16:18:25"
185,81,5,1,10.0,"2023-03-21 16:18:25","2023-03-21 16:18:25"
186,81,6,3,11.0,"2023-03-21 16:18:25","2023-03-21 16:18:25"
187,82,4,1,10.0,"2023-03-21 16:18:25","2023-03-21 16:18:25"
188,82,5,1,10.0,"2023-03-21 16:18:25","2023-03-21 16:18:25"
189,82,6,3,11.0,"2023-03-21 16:18:25","2023-03-21 16:18:25"
190,83,4,1,10.0,"2023-03-21 16:18:41","2023-03-21 16:18:41"
191,83,5,1,10.0,"2023-03-21 16:18:41","2023-03-21 16:18:41"
192,83,6,3,11.0,"2023-03-21 16:18:41","2023-03-21 16:18:41"
193,84,4,1,10.0,"2023-03-21 16:18:41","2023-03-21 16:18:41"
194,84,5,1,10.0,"2023-03-21 16:18:41","2023-03-21 16:18:41"
195,84,6,3,11.0,"2023-03-21 16:18:41","2023-03-21 16:18:41"
196,85,4,1,10.0,"2023-03-21 16:19:10","2023-03-21 16:19:10"
197,85,5,1,10.0,"2023-03-21 16:19:10","2023-03-21 16:19:10"
198,85,6,3,11.0,"2023-03-21 16:19:10","2023-03-21 16:19:10"
199,86,4,1,10.0,"2023-03-21 16:19:24","2023-03-21 16:19:24"
200,86,5,1,10.0,"2023-03-21 16:19:24","2023-03-21 16:19:24"
201,86,6,3,11.0,"2023-03-21 16:19:24","2023-03-21 16:19:24"
202,87,4,1,10.0,"2023-03-21 16:19:24","2023-03-21 16:19:24"
203,87,5,1,10.0,"2023-03-21 16:19:24","2023-03-21 16:19:24"
204,87,6,3,11.0,"2023-03-21 16:19:24","2023-03-21 16:19:24"
205,88,4,1,10.0,"2023-03-21 16:20:18","2023-03-21 16:20:18"
206,88,5,1,10.0,"2023-03-21 16:20:18","2023-03-21 16:20:18"
207,88,6,3,11.0,"2023-03-21 16:20:18","2023-03-21 16:20:18"
208,89,4,1,10.0,"2023-03-21 16:20:23","2023-03-21 16:20:23"
209,89,5,1,10.0,"2023-03-21 16:20:23","2023-03-21 16:20:23"
210,89,6,3,11.0,"2023-03-21 16:20:23","2023-03-21 16:20:23"
211,90,4,1,10.0,"2023-03-21 16:21:17","2023-03-21 16:21:17"
212,90,5,1,10.0,"2023-03-21 16:21:17","2023-03-21 16:21:17"
213,90,6,3,11.0,"2023-03-21 16:21:17","2023-03-21 16:21:17"
214,91,4,1,10.0,"2023-03-21 16:21:46","2023-03-21 16:21:46"
215,91,5,1,10.0,"2023-03-21 16:21:46","2023-03-21 16:21:46"
216,91,6,3,11.0,"2023-03-21 16:21:46","2023-03-21 16:21:46"
217,92,4,1,10.0,"2023-03-21 16:22:54","2023-03-21 16:22:54"
218,92,5,1,10.0,"2023-03-21 16:22:54","2023-03-21 16:22:54"
219,92,6,3,11.0,"2023-03-21 16:22:54","2023-03-21 16:22:54"
220,93,4,1,10.0,"2023-03-21 16:23:03","2023-03-21 16:23:03"
221,93,5,1,10.0,"2023-03-21 16:23:03","2023-03-21 16:23:03"
222,93,6,3,11.0,"2023-03-21 16:23:03","2023-03-21 16:23:03"
223,94,4,1,10.0,"2023-03-21 16:23:33","2023-03-21 16:23:33"
224,94,5,1,10.0,"2023-03-21 16:23:33","2023-03-21 16:23:33"
225,94,6,3,11.0,"2023-03-21 16:23:33","2023-03-21 16:23:33"
226,95,4,1,10.0,"2023-03-21 16:24:00","2023-03-21 16:24:00"
227,95,5,1,10.0,"2023-03-21 16:24:00","2023-03-21 16:24:00"
228,95,6,3,11.0,"2023-03-21 16:24:00","2023-03-21 16:24:00"
229,96,4,1,10.0,"2023-03-21 16:25:24","2023-03-21 16:25:24"
230,96,5,1,10.0,"2023-03-21 16:25:24","2023-03-21 16:25:24"
231,96,6,3,11.0,"2023-03-21 16:25:24","2023-03-21 16:25:24"
232,100,4,1,10.0,"2023-03-21 16:29:46","2023-03-21 16:29:46"
233,100,5,1,10.0,"2023-03-21 16:29:46","2023-03-21 16:29:46"
234,100,6,3,11.0,"2023-03-21 16:29:46","2023-03-21 16:29:46"
235,101,4,1,10.0,"2023-03-21 16:31:31","2023-03-21 16:31:31"
236,101,5,1,10.0,"2023-03-21 16:31:31","2023-03-21 16:31:31"
237,101,6,3,11.0,"2023-03-21 16:31:31","2023-03-21 16:31:31"
238,102,4,1,10.0,"2023-03-21 16:32:33","2023-03-21 16:32:33"
239,102,5,1,10.0,"2023-03-21 16:32:33","2023-03-21 16:32:33"
240,102,6,3,11.0,"2023-03-21 16:32:33","2023-03-21 16:32:33"
241,103,4,1,10.0,"2023-03-21 16:32:50","2023-03-21 16:32:50"
242,103,5,1,10.0,"2023-03-21 16:32:50","2023-03-21 16:32:50"
243,103,6,3,11.0,"2023-03-21 16:32:50","2023-03-21 16:32:50"
244,104,4,1,10.0,"2023-03-21 16:33:30","2023-03-21 16:33:30"
245,104,5,1,10.0,"2023-03-21 16:33:30","2023-03-21 16:33:30"
246,104,6,3,11.0,"2023-03-21 16:33:30","2023-03-21 16:33:30"
247,105,4,1,10.0,"2023-03-21 16:33:36","2023-03-21 16:33:36"
248,105,5,1,10.0,"2023-03-21 16:33:36","2023-03-21 16:33:36"
249,105,6,3,11.0,"2023-03-21 16:33:36","2023-03-21 16:33:36"
250,106,4,1,10.0,"2023-03-21 16:34:11","2023-03-21 16:34:11"
251,106,5,1,10.0,"2023-03-21 16:34:11","2023-03-21 16:34:11"
252,106,6,3,11.0,"2023-03-21 16:34:11","2023-03-21 16:34:11"
253,107,4,1,10.0,"2023-03-21 16:34:27","2023-03-21 16:34:27"
254,107,5,1,10.0,"2023-03-21 16:34:27","2023-03-21 16:34:27"
255,107,6,3,11.0,"2023-03-21 16:34:27","2023-03-21 16:34:27"
256,108,4,1,10.0,"2023-03-21 16:34:39","2023-03-21 16:34:39"
257,108,5,1,10.0,"2023-03-21 16:34:39","2023-03-21 16:34:39"
258,108,6,3,11.0,"2023-03-21 16:34:39","2023-03-21 16:34:39"
259,109,4,1,10.0,"2023-03-21 16:35:25","2023-03-21 16:35:25"
260,109,5,1,10.0,"2023-03-21 16:35:25","2023-03-21 16:35:25"
261,109,6,3,11.0,"2023-03-21 16:35:25","2023-03-21 16:35:25"
262,110,4,1,10.0,"2023-03-21 16:35:35","2023-03-21 16:35:35"
263,110,5,1,10.0,"2023-03-21 16:35:35","2023-03-21 16:35:35"
264,110,6,3,11.0,"2023-03-21 16:35:35","2023-03-21 16:35:35"
265,111,4,1,10.0,"2023-03-21 16:35:48","2023-03-21 16:35:48"
266,111,5,1,10.0,"2023-03-21 16:35:48","2023-03-21 16:35:48"
267,111,6,3,11.0,"2023-03-21 16:35:48","2023-03-21 16:35:48"
268,112,4,1,10.0,"2023-03-21 16:36:00","2023-03-21 16:36:00"
269,112,5,1,10.0,"2023-03-21 16:36:00","2023-03-21 16:36:00"
270,112,6,3,11.0,"2023-03-21 16:36:00","2023-03-21 16:36:00"
271,113,4,1,10.0,"2023-03-21 16:36:39","2023-03-21 16:36:39"
272,113,5,1,10.0,"2023-03-21 16:36:39","2023-03-21 16:36:39"
273,113,6,3,11.0,"2023-03-21 16:36:39","2023-03-21 16:36:39"
274,114,4,1,10.0,"2023-03-21 16:37:01","2023-03-21 16:37:01"
275,114,5,1,10.0,"2023-03-21 16:37:01","2023-03-21 16:37:01"
276,114,6,3,11.0,"2023-03-21 16:37:01","2023-03-21 16:37:01"
277,115,4,1,10.0,"2023-03-21 16:37:21","2023-03-21 16:37:21"
278,115,5,1,10.0,"2023-03-21 16:37:21","2023-03-21 16:37:21"
279,115,6,3,11.0,"2023-03-21 16:37:21","2023-03-21 16:37:21"
280,116,4,1,10.0,"2023-03-21 16:38:40","2023-03-21 16:38:40"
281,116,5,1,10.0,"2023-03-21 16:38:40","2023-03-21 16:38:40"
282,116,6,3,11.0,"2023-03-21 16:38:40","2023-03-21 16:38:40"
283,118,4,1,10.0,"2023-03-21 16:41:14","2023-03-21 16:41:14"
284,118,5,1,10.0,"2023-03-21 16:41:14","2023-03-21 16:41:14"
285,118,6,3,11.0,"2023-03-21 16:41:14","2023-03-21 16:41:14"
286,119,4,1,10.0,"2023-03-21 16:44:42","2023-03-21 16:44:42"
287,119,5,1,10.0,"2023-03-21 16:44:42","2023-03-21 16:44:42"
288,119,6,3,11.0,"2023-03-21 16:44:42","2023-03-21 16:44:42"
289,120,4,1,10.0,"2023-03-21 16:46:50","2023-03-21 16:46:50"
290,120,5,1,10.0,"2023-03-21 16:46:50","2023-03-21 16:46:50"
291,120,6,3,11.0,"2023-03-21 16:46:50","2023-03-21 16:46:50"
292,121,4,1,10.0,"2023-03-21 16:49:44","2023-03-21 16:49:44"
293,121,5,1,10.0,"2023-03-21 16:49:44","2023-03-21 16:49:44"
294,121,6,3,11.0,"2023-03-21 16:49:44","2023-03-21 16:49:44"
295,122,4,1,10.0,"2023-03-21 16:50:14","2023-03-21 16:50:14"
296,122,5,1,10.0,"2023-03-21 16:50:14","2023-03-21 16:50:14"
297,122,6,3,11.0,"2023-03-21 16:50:14","2023-03-21 16:50:14"
298,123,4,1,10.0,"2023-03-21 16:50:46","2023-03-21 16:50:46"
299,123,5,1,10.0,"2023-03-21 16:50:46","2023-03-21 16:50:46"
300,123,6,3,11.0,"2023-03-21 16:50:46","2023-03-21 16:50:46"
301,124,4,1,10.0,"2023-03-21 16:52:05","2023-03-21 16:52:05"
302,124,5,1,10.0,"2023-03-21 16:52:05","2023-03-21 16:52:05"
303,124,6,3,11.0,"2023-03-21 16:52:05","2023-03-21 16:52:05"
304,125,4,1,10.0,"2023-03-21 16:53:34","2023-03-21 16:53:34"
305,125,5,1,10.0,"2023-03-21 16:53:34","2023-03-21 16:53:34"
306,125,6,3,11.0,"2023-03-21 16:53:34","2023-03-21 16:53:34"
307,126,4,1,10.0,"2023-03-21 16:54:30","2023-03-21 16:54:30"
308,126,5,1,10.0,"2023-03-21 16:54:30","2023-03-21 16:54:30"
309,126,6,3,11.0,"2023-03-21 16:54:30","2023-03-21 16:54:30"
310,127,4,1,10.0,"2023-03-21 17:03:00","2023-03-21 17:03:00"
311,127,5,1,10.0,"2023-03-21 17:03:00","2023-03-21 17:03:00"
312,127,6,3,11.0,"2023-03-21 17:03:00","2023-03-21 17:03:00"
313,128,1,2,10.0,"2023-03-21 17:15:56","2023-03-21 17:15:56"
314,128,7,4,14.0,"2023-03-21 17:15:56","2023-03-21 17:15:56"
315,128,8,5,18.0,"2023-03-21 17:15:56","2023-03-21 17:15:56"
316,129,1,2,10.0,"2023-03-23 16:18:55","2023-03-23 16:18:55"
317,129,7,4,14.0,"2023-03-23 16:18:55","2023-03-23 16:18:55"
318,129,8,5,18.0,"2023-03-23 16:18:55","2023-03-23 16:18:55"
319,130,1,2,10.0,"2023-03-24 14:06:12","2023-03-24 14:06:12"
320,130,7,4,14.0,"2023-03-24 14:06:12","2023-03-24 14:06:12"
321,130,8,5,18.0,"2023-03-24 14:06:12","2023-03-24 14:06:12"
322,131,1,2,10.0,"2023-03-24 14:11:27","2023-03-24 14:11:27"
323,131,7,4,14.0,"2023-03-24 14:11:27","2023-03-24 14:11:27"
324,131,8,5,18.0,"2023-03-24 14:11:27","2023-03-24 14:11:27"
325,132,1,2,10.0,"2023-03-24 14:15:33","2023-03-24 14:15:33"
326,132,7,4,14.0,"2023-03-24 14:15:33","2023-03-24 14:15:33"
327,132,8,5,18.0,"2023-03-24 14:15:33","2023-03-24 14:15:33"
328,133,1,2,10.0,"2023-03-24 14:56:29","2023-03-24 14:56:29"
329,133,7,4,14.0,"2023-03-24 14:56:29","2023-03-24 14:56:29"
330,133,8,5,18.0,"2023-03-24 14:56:29","2023-03-24 14:56:29"
331,134,1,1,10.0,"2023-03-28 14:05:04","2023-03-28 14:05:04"
332,134,7,2,14.0,"2023-03-28 14:05:04","2023-03-28 14:05:04"
333,134,8,2,18.0,"2023-03-28 14:05:04","2023-03-28 14:05:04"
334,135,1,1,10.0,"2023-03-28 15:07:56","2023-03-28 15:07:56"
335,135,7,2,14.0,"2023-03-28 15:07:56","2023-03-28 15:07:56"
336,135,8,2,18.0,"2023-03-28 15:07:56","2023-03-28 15:07:56"
337,136,1,6,10.0,"2023-03-28 18:16:14","2023-03-28 18:16:14"
338,136,7,1,14.0,"2023-03-28 18:16:14","2023-03-28 18:16:14"
339,136,8,4,18.0,"2023-03-28 18:16:14","2023-03-28 18:16:14"
340,137,1,6,10.0,"2023-03-29 15:27:50","2023-03-29 15:27:50"
341,137,7,1,14.0,"2023-03-29 15:27:50","2023-03-29 15:27:50"
342,137,8,4,18.0,"2023-03-29 15:27:50","2023-03-29 15:27:50"
343,138,1,6,10.0,"2023-03-29 20:04:18","2023-03-29 20:04:18"
344,138,7,1,14.0,"2023-03-29 20:04:18","2023-03-29 20:04:18"
345,138,8,4,18.0,"2023-03-29 20:04:18","2023-03-29 20:04:18"
346,139,1,6,10.0,"2023-03-29 20:06:28","2023-03-29 20:06:28"
347,139,7,1,14.0,"2023-03-29 20:06:28","2023-03-29 20:06:28"
348,139,8,4,18.0,"2023-03-29 20:06:28","2023-03-29 20:06:28"
349,140,1,6,10.0,"2023-04-03 17:00:12","2023-04-03 17:00:12"
350,140,7,1,14.0,"2023-04-03 17:00:12","2023-04-03 17:00:12"
351,140,8,4,18.0,"2023-04-03 17:00:12","2023-04-03 17:00:12"
352,141,79,5,5.0,"2023-04-04 17:09:12","2023-04-04 17:09:12"
353,142,3,2,12.0,"2023-04-05 13:33:45","2023-04-05 13:33:45"
354,143,3,2,12.0,"2023-04-05 13:39:27","2023-04-05 13:39:27"
355,144,3,2,12.0,"2023-04-05 13:40:24","2023-04-05 13:40:24"
356,145,3,2,12.0,"2023-04-05 13:42:21","2023-04-05 13:42:21"
357,146,3,2,12.0,"2023-04-05 14:08:11","2023-04-05 14:08:11"
358,147,3,2,12.0,"2023-04-05 14:08:44","2023-04-05 14:08:44"
359,148,3,2,12.0,"2023-04-05 14:08:46","2023-04-05 14:08:46"
360,149,3,2,12.0,"2023-04-05 14:08:48","2023-04-05 14:08:48"
361,150,3,2,12.0,"2023-04-05 14:09:26","2023-04-05 14:09:26"
362,151,3,2,12.0,"2023-04-05 14:09:28","2023-04-05 14:09:28"
363,152,3,2,12.0,"2023-04-05 14:09:29","2023-04-05 14:09:29"
364,153,84,2,6.0,"2023-04-05 16:25:19","2023-04-05 16:25:19"
365,153,86,1,7.0,"2023-04-05 16:25:19","2023-04-05 16:25:19"
366,154,84,2,6.0,"2023-04-05 16:37:52","2023-04-05 16:37:52"
367,154,86,1,15.0,"2023-04-05 16:37:52","2023-04-05 16:37:52"
368,155,82,2,5.0,"2023-04-05 18:03:54","2023-04-05 18:03:54"
369,155,86,1,15.0,"2023-04-05 18:03:54","2023-04-05 18:03:54"
370,156,86,1,15.0,"2023-04-05 18:08:43","2023-04-05 18:08:43"
371,156,88,2,9.0,"2023-04-05 18:08:43","2023-04-05 18:08:43"
372,157,6,2,11.0,"2023-04-05 19:24:58","2023-04-05 19:24:58"
373,158,6,2,5.0,"2023-04-05 19:28:53","2023-04-05 19:28:53"
374,159,6,2,6.0,"2023-04-05 19:30:10","2023-04-05 19:30:10"
375,160,6,2,7.0,"2023-04-05 19:31:28","2023-04-05 19:31:28"
376,161,4,2,10.0,"2023-04-06 13:38:22","2023-04-06 13:38:22"
377,161,6,2,7.0,"2023-04-06 13:38:22","2023-04-06 13:38:22"
378,162,4,2,10.0,"2023-04-06 13:40:48","2023-04-06 13:40:48"
379,162,6,2,7.0,"2023-04-06 13:40:48","2023-04-06 13:40:48"
380,163,4,2,10.0,"2023-04-06 13:44:32","2023-04-06 13:44:32"
381,163,6,2,7.0,"2023-04-06 13:44:32","2023-04-06 13:44:32"
382,164,4,2,10.0,"2023-04-06 13:52:23","2023-04-06 13:52:23"
383,164,6,2,7.0,"2023-04-06 13:52:23","2023-04-06 13:52:23"
384,165,4,2,10.0,"2023-04-06 13:54:27","2023-04-06 13:54:27"
385,165,6,2,7.0,"2023-04-06 13:54:27","2023-04-06 13:54:27"
386,166,4,1,10.0,"2023-04-06 14:03:07","2023-04-06 14:03:07"
387,166,5,1,10.0,"2023-04-06 14:03:07","2023-04-06 14:03:07"
388,166,6,2,7.0,"2023-04-06 14:03:07","2023-04-06 14:03:07"
389,166,79,3,5.0,"2023-04-06 14:03:07","2023-04-06 14:03:07"
390,166,81,2,4.0,"2023-04-06 14:03:07","2023-04-06 14:03:07"
391,166,87,1,8.0,"2023-04-06 14:03:07","2023-04-06 14:03:07"
392,167,4,1,10.0,"2023-04-06 14:04:14","2023-04-06 14:04:14"
393,167,5,1,10.0,"2023-04-06 14:04:14","2023-04-06 14:04:14"
394,167,6,2,7.0,"2023-04-06 14:04:14","2023-04-06 14:04:14"
395,167,79,3,5.0,"2023-04-06 14:04:14","2023-04-06 14:04:14"
396,167,81,2,4.0,"2023-04-06 14:04:14","2023-04-06 14:04:14"
397,167,87,1,8.0,"2023-04-06 14:04:14","2023-04-06 14:04:14"
398,168,4,1,10.0,"2023-04-11 14:13:26","2023-04-11 14:13:26"
399,168,5,1,10.0,"2023-04-11 14:13:26","2023-04-11 14:13:26"
400,168,6,2,7.0,"2023-04-11 14:13:26","2023-04-11 14:13:26"
401,168,79,3,5.0,"2023-04-11 14:13:26","2023-04-11 14:13:26"
402,168,81,2,4.0,"2023-04-11 14:13:26","2023-04-11 14:13:26"
403,168,87,1,8.0,"2023-04-11 14:13:26","2023-04-11 14:13:26"
404,169,4,1,10.0,"2023-04-11 14:14:59","2023-04-11 14:14:59"
405,169,5,1,10.0,"2023-04-11 14:14:59","2023-04-11 14:14:59"
406,169,6,2,7.0,"2023-04-11 14:14:59","2023-04-11 14:14:59"
407,169,79,3,5.0,"2023-04-11 14:14:59","2023-04-11 14:14:59"
408,170,4,1,10.0,"2023-04-11 14:25:03","2023-04-11 14:25:03"
409,170,5,1,10.0,"2023-04-11 14:25:03","2023-04-11 14:25:03"
410,170,6,2,7.0,"2023-04-11 14:25:03","2023-04-11 14:25:03"
411,170,79,3,5.0,"2023-04-11 14:25:03","2023-04-11 14:25:03"
412,171,4,1,10.0,"2023-04-11 14:31:41","2023-04-11 14:31:41"
413,171,5,1,10.0,"2023-04-11 14:31:41","2023-04-11 14:31:41"
414,171,6,2,7.0,"2023-04-11 14:31:41","2023-04-11 14:31:41"
415,171,79,3,5.0,"2023-04-11 14:31:41","2023-04-11 14:31:41"
416,172,4,1,10.0,"2023-04-11 15:13:03","2023-04-11 15:13:03"
417,172,5,1,10.0,"2023-04-11 15:13:03","2023-04-11 15:13:03"
418,172,6,2,7.0,"2023-04-11 15:13:03","2023-04-11 15:13:03"
419,172,79,3,5.0,"2023-04-11 15:13:03","2023-04-11 15:13:03"
420,173,4,1,10.0,"2023-04-11 15:13:30","2023-04-11 15:13:30"
421,173,5,1,10.0,"2023-04-11 15:13:30","2023-04-11 15:13:30"
422,173,6,2,7.0,"2023-04-11 15:13:30","2023-04-11 15:13:30"
423,173,79,3,5.0,"2023-04-11 15:13:30","2023-04-11 15:13:30"
424,174,4,1,10.0,"2023-04-11 15:14:16","2023-04-11 15:14:16"
425,174,5,1,10.0,"2023-04-11 15:14:16","2023-04-11 15:14:16"
426,174,6,2,7.0,"2023-04-11 15:14:16","2023-04-11 15:14:16"
427,174,79,3,5.0,"2023-04-11 15:14:16","2023-04-11 15:14:16"
428,175,4,1,10.0,"2023-04-11 15:14:16","2023-04-11 15:14:16"
429,175,5,1,10.0,"2023-04-11 15:14:16","2023-04-11 15:14:16"
430,175,6,2,7.0,"2023-04-11 15:14:16","2023-04-11 15:14:16"
431,175,79,3,5.0,"2023-04-11 15:14:16","2023-04-11 15:14:16"
432,176,4,1,10.0,"2023-04-11 15:14:21","2023-04-11 15:14:21"
433,176,5,1,10.0,"2023-04-11 15:14:21","2023-04-11 15:14:21"
434,176,6,2,7.0,"2023-04-11 15:14:21","2023-04-11 15:14:21"
435,176,79,3,5.0,"2023-04-11 15:14:21","2023-04-11 15:14:21"
436,177,4,1,10.0,"2023-04-11 15:14:44","2023-04-11 15:14:44"
437,177,5,1,10.0,"2023-04-11 15:14:44","2023-04-11 15:14:44"
438,177,6,2,7.0,"2023-04-11 15:14:44","2023-04-11 15:14:44"
439,177,79,3,5.0,"2023-04-11 15:14:44","2023-04-11 15:14:44"
440,178,4,1,10.0,"2023-04-11 15:14:44","2023-04-11 15:14:44"
441,178,5,1,10.0,"2023-04-11 15:14:44","2023-04-11 15:14:44"
442,178,6,2,7.0,"2023-04-11 15:14:44","2023-04-11 15:14:44"
443,178,79,3,5.0,"2023-04-11 15:14:44","2023-04-11 15:14:44"
444,179,4,1,10.0,"2023-04-11 15:14:44","2023-04-11 15:14:44"
445,179,5,1,10.0,"2023-04-11 15:14:44","2023-04-11 15:14:44"
446,179,6,2,7.0,"2023-04-11 15:14:44","2023-04-11 15:14:44"
447,179,79,3,5.0,"2023-04-11 15:14:44","2023-04-11 15:14:44"
448,180,4,1,10.0,"2023-04-11 15:14:49","2023-04-11 15:14:49"
449,180,5,1,10.0,"2023-04-11 15:14:49","2023-04-11 15:14:49"
450,180,6,2,7.0,"2023-04-11 15:14:49","2023-04-11 15:14:49"
451,180,79,3,5.0,"2023-04-11 15:14:49","2023-04-11 15:14:49"
452,181,4,1,10.0,"2023-04-11 15:16:28","2023-04-11 15:16:28"
453,181,5,1,10.0,"2023-04-11 15:16:28","2023-04-11 15:16:28"
454,181,6,2,7.0,"2023-04-11 15:16:28","2023-04-11 15:16:28"
455,181,79,3,5.0,"2023-04-11 15:16:28","2023-04-11 15:16:28"
456,182,4,1,10.0,"2023-04-11 15:16:31","2023-04-11 15:16:31"
457,182,5,1,10.0,"2023-04-11 15:16:31","2023-04-11 15:16:31"
458,182,6,2,7.0,"2023-04-11 15:16:31","2023-04-11 15:16:31"
459,182,79,3,5.0,"2023-04-11 15:16:31","2023-04-11 15:16:31"
460,183,4,1,10.0,"2023-04-11 15:24:43","2023-04-11 15:24:43"
461,183,5,1,10.0,"2023-04-11 15:24:43","2023-04-11 15:24:43"
462,183,6,2,7.0,"2023-04-11 15:24:43","2023-04-11 15:24:43"
463,183,79,3,5.0,"2023-04-11 15:24:43","2023-04-11 15:24:43"
464,184,4,1,10.0,"2023-04-11 17:32:08","2023-04-11 17:32:08"
465,184,5,1,10.0,"2023-04-11 17:32:08","2023-04-11 17:32:08"
466,184,6,2,7.0,"2023-04-11 17:32:08","2023-04-11 17:32:08"
467,184,79,3,5.0,"2023-04-11 17:32:08","2023-04-11 17:32:08"
468,184,81,2,4.0,"2023-04-11 17:32:08","2023-04-11 17:32:08"
469,184,87,1,8.0,"2023-04-11 17:32:08","2023-04-11 17:32:08"
470,185,4,1,10.0,"2023-04-11 17:32:38","2023-04-11 17:32:38"
471,185,5,1,10.0,"2023-04-11 17:32:38","2023-04-11 17:32:38"
472,185,6,2,7.0,"2023-04-11 17:32:38","2023-04-11 17:32:38"
473,185,79,3,5.0,"2023-04-11 17:32:38","2023-04-11 17:32:38"
474,186,4,1,10.0,"2023-04-11 17:33:46","2023-04-11 17:33:46"
475,186,5,1,10.0,"2023-04-11 17:33:46","2023-04-11 17:33:46"
476,186,6,2,7.0,"2023-04-11 17:33:46","2023-04-11 17:33:46"
477,186,79,3,5.0,"2023-04-11 17:33:46","2023-04-11 17:33:46"
478,187,4,1,10.0,"2023-04-11 17:33:47","2023-04-11 17:33:47"
479,187,5,1,10.0,"2023-04-11 17:33:47","2023-04-11 17:33:47"
480,187,6,2,7.0,"2023-04-11 17:33:47","2023-04-11 17:33:47"
481,187,79,3,5.0,"2023-04-11 17:33:47","2023-04-11 17:33:47"
482,188,4,1,10.0,"2023-04-11 17:55:43","2023-04-11 17:55:43"
483,188,5,1,10.0,"2023-04-11 17:55:43","2023-04-11 17:55:43"
484,188,6,2,7.0,"2023-04-11 17:55:43","2023-04-11 17:55:43"
485,188,79,3,5.0,"2023-04-11 17:55:43","2023-04-11 17:55:43"
486,189,4,1,10.0,"2023-04-11 17:55:58","2023-04-11 17:55:58"
487,189,5,1,10.0,"2023-04-11 17:55:58","2023-04-11 17:55:58"
488,189,6,2,7.0,"2023-04-11 17:55:58","2023-04-11 17:55:58"
489,189,79,3,5.0,"2023-04-11 17:55:58","2023-04-11 17:55:58"
490,190,89,5,5.0,"2023-04-11 18:30:52","2023-04-11 18:30:52"
491,191,89,5,6.0,"2023-04-11 18:32:02","2023-04-11 18:32:02"
492,192,89,5,6.0,"2023-04-12 15:13:34","2023-04-12 15:13:34"
493,194,4,1,10.0,"2023-04-13 15:36:29","2023-04-13 15:36:29"
494,194,5,1,10.0,"2023-04-13 15:36:29","2023-04-13 15:36:29"
495,194,6,2,7.0,"2023-04-13 15:36:29","2023-04-13 15:36:29"
496,194,79,3,5.0,"2023-04-13 15:36:29","2023-04-13 15:36:29"
497,193,4,1,10.0,"2023-04-13 15:36:29","2023-04-13 15:36:29"
498,193,5,1,10.0,"2023-04-13 15:36:29","2023-04-13 15:36:29"
499,193,6,2,7.0,"2023-04-13 15:36:29","2023-04-13 15:36:29"
500,193,79,3,5.0,"2023-04-13 15:36:29","2023-04-13 15:36:29"
501,195,4,1,10.0,"2023-04-13 15:36:29","2023-04-13 15:36:29"
502,195,5,1,10.0,"2023-04-13 15:36:29","2023-04-13 15:36:29"
503,195,6,2,7.0,"2023-04-13 15:36:29","2023-04-13 15:36:29"
504,195,79,3,5.0,"2023-04-13 15:36:29","2023-04-13 15:36:29"
505,196,4,1,10.0,"2023-04-13 15:37:32","2023-04-13 15:37:32"
506,196,5,1,10.0,"2023-04-13 15:37:32","2023-04-13 15:37:32"
507,196,6,2,7.0,"2023-04-13 15:37:32","2023-04-13 15:37:32"
508,196,79,3,5.0,"2023-04-13 15:37:32","2023-04-13 15:37:32"
509,197,4,1,10.0,"2023-04-19 14:53:08","2023-04-19 14:53:08"
510,197,5,1,10.0,"2023-04-19 14:53:08","2023-04-19 14:53:08"
511,197,6,2,7.0,"2023-04-19 14:53:08","2023-04-19 14:53:08"
512,197,79,3,5.0,"2023-04-19 14:53:08","2023-04-19 14:53:08"
513,198,4,1,10.0,"2023-04-19 16:22:01","2023-04-19 16:22:01"
514,198,5,1,10.0,"2023-04-19 16:22:01","2023-04-19 16:22:01"
515,198,6,2,7.0,"2023-04-19 16:22:01","2023-04-19 16:22:01"
516,198,79,3,5.0,"2023-04-19 16:22:01","2023-04-19 16:22:01"
517,199,4,1,10.0,"2023-04-19 16:25:26","2023-04-19 16:25:26"
518,199,5,1,10.0,"2023-04-19 16:25:26","2023-04-19 16:25:26"
519,199,6,2,7.0,"2023-04-19 16:25:26","2023-04-19 16:25:26"
520,199,79,3,5.0,"2023-04-19 16:25:26","2023-04-19 16:25:26"
521,200,4,1,10.0,"2023-04-19 18:56:10","2023-04-19 18:56:10"
522,200,5,1,10.0,"2023-04-19 18:56:10","2023-04-19 18:56:10"
523,200,6,2,7.0,"2023-04-19 18:56:10","2023-04-19 18:56:10"
524,200,79,3,5.0,"2023-04-19 18:56:10","2023-04-19 18:56:10"
525,201,4,1,10.0,"2023-04-19 19:05:30","2023-04-19 19:05:30"
526,201,5,1,10.0,"2023-04-19 19:05:30","2023-04-19 19:05:30"
527,201,6,2,7.0,"2023-04-19 19:05:30","2023-04-19 19:05:30"
528,201,79,3,5.0,"2023-04-19 19:05:30","2023-04-19 19:05:30"
529,202,4,1,10.0,"2023-04-20 15:21:49","2023-04-20 15:21:49"
530,202,5,1,10.0,"2023-04-20 15:21:49","2023-04-20 15:21:49"
531,202,6,2,7.0,"2023-04-20 15:21:49","2023-04-20 15:21:49"
532,202,79,3,5.0,"2023-04-20 15:21:49","2023-04-20 15:21:49"
533,203,4,1,10.0,"2023-04-20 15:23:09","2023-04-20 15:23:09"
534,203,5,1,10.0,"2023-04-20 15:23:09","2023-04-20 15:23:09"
535,203,6,2,7.0,"2023-04-20 15:23:09","2023-04-20 15:23:09"
536,203,79,3,5.0,"2023-04-20 15:23:09","2023-04-20 15:23:09"
537,204,4,1,10.0,"2023-05-08 09:53:40","2023-05-08 09:53:40"
538,204,5,1,10.0,"2023-05-08 09:53:40","2023-05-08 09:53:40"
539,204,6,2,7.0,"2023-05-08 09:53:40","2023-05-08 09:53:40"
540,204,79,3,5.0,"2023-05-08 09:53:40","2023-05-08 09:53:40"
541,205,4,1,10.0,"2023-05-08 09:54:32","2023-05-08 09:54:32"
542,205,5,1,10.0,"2023-05-08 09:54:32","2023-05-08 09:54:32"
543,205,6,2,7.0,"2023-05-08 09:54:32","2023-05-08 09:54:32"
544,205,79,3,5.0,"2023-05-08 09:54:32","2023-05-08 09:54:32"
545,206,4,1,10.0,"2023-05-08 09:56:13","2023-05-08 09:56:13"
546,206,5,1,10.0,"2023-05-08 09:56:13","2023-05-08 09:56:13"
547,206,6,2,7.0,"2023-05-08 09:56:13","2023-05-08 09:56:13"
548,206,79,3,5.0,"2023-05-08 09:56:13","2023-05-08 09:56:13"
549,207,4,1,10.0,"2023-05-08 09:57:46","2023-05-08 09:57:46"
550,207,5,1,10.0,"2023-05-08 09:57:46","2023-05-08 09:57:46"
551,207,6,2,7.0,"2023-05-08 09:57:46","2023-05-08 09:57:46"
552,207,79,3,5.0,"2023-05-08 09:57:46","2023-05-08 09:57:46"
553,208,9,2,5.0,"2023-05-12 15:19:00","2023-05-12 15:19:00"
554,208,10,3,6.0,"2023-05-12 15:19:00","2023-05-12 15:19:00"
555,209,9,2,5.0,"2023-05-12 15:24:25","2023-05-12 15:24:25"
556,209,10,3,6.0,"2023-05-12 15:24:25","2023-05-12 15:24:25"
557,210,9,2,5.0,"2023-05-12 15:27:21","2023-05-12 15:27:21"
558,210,10,3,6.0,"2023-05-12 15:27:21","2023-05-12 15:27:21"
559,211,9,1,5.0,"2023-05-12 15:32:15","2023-05-12 15:32:15"
560,211,10,1,6.0,"2023-05-12 15:32:15","2023-05-12 15:32:15"
561,212,9,1,5.0,"2023-05-12 15:36:09","2023-05-12 15:36:09"
562,212,10,1,6.0,"2023-05-12 15:36:09","2023-05-12 15:36:09"
563,213,9,1,5.0,"2023-05-12 15:36:37","2023-05-12 15:36:37"
564,213,10,1,6.0,"2023-05-12 15:36:37","2023-05-12 15:36:37"
565,214,9,1,5.0,"2023-05-12 15:37:00","2023-05-12 15:37:00"
566,214,10,1,6.0,"2023-05-12 15:37:00","2023-05-12 15:37:00"
567,215,10,1,6.0,"2023-05-12 16:20:12","2023-05-12 16:20:12"
568,216,10,1,6.0,"2023-05-12 16:20:44","2023-05-12 16:20:44"
569,217,10,1,6.0,"2023-05-12 16:23:18","2023-05-12 16:23:18"
570,218,10,2,6.0,"2023-05-12 16:23:26","2023-05-12 16:23:26"
571,219,10,2,6.0,"2023-05-12 16:26:11","2023-05-12 16:26:11"
572,220,10,2,6.0,"2023-05-12 16:27:40","2023-05-12 16:27:40"
573,221,10,1,6.0,"2023-05-12 16:29:52","2023-05-12 16:29:52"
574,222,10,1,6.0,"2023-05-12 16:31:00","2023-05-12 16:31:00"
575,223,10,1,6.0,"2023-05-12 16:31:57","2023-05-12 16:31:57"
576,224,10,1,6.0,"2023-05-12 16:32:21","2023-05-12 16:32:21"
577,225,9,1,5.0,"2023-05-12 16:37:51","2023-05-12 16:37:51"
578,225,10,1,6.0,"2023-05-12 16:37:51","2023-05-12 16:37:51"
579,226,9,1,5.0,"2023-05-12 16:38:48","2023-05-12 16:38:48"
580,227,10,1,6.0,"2023-05-12 17:00:38","2023-05-12 17:00:38"
581,228,5,1,10.0,"2023-05-12 17:18:44","2023-05-12 17:18:44"
582,229,5,1,11.0,"2023-05-12 17:19:36","2023-05-12 17:19:36"
583,230,4,2,10.0,"2023-05-16 18:38:57","2023-05-16 18:38:57"
584,231,10,2,6.0,"2023-11-17 16:45:15","2023-11-17 16:45:15"
585,232,10,3,6.0,"2023-11-21 18:39:19","2023-11-21 18:39:19"
586,233,10,3,6.0,"2023-11-22 13:05:05","2023-11-22 13:05:05"
587,234,10,1,6.0,"2023-11-22 13:26:19","2023-11-22 13:26:19"
588,235,10,2,6.0,"2023-11-22 20:01:17","2023-11-22 20:01:17"
589,236,10,1,6.0,"2023-11-23 17:57:01","2023-11-23 17:57:01"
590,237,10,2,6.0,"2023-11-23 17:57:34","2023-11-23 17:57:34"
591,238,9,2,5.0,"2023-11-23 18:04:03","2023-11-23 18:04:03"
592,239,9,2,5.0,"2023-11-23 18:04:45","2023-11-23 18:04:45"
593,240,9,1,5.0,"2023-11-23 18:05:09","2023-11-23 18:05:09"
594,241,9,1,5.0,"2023-11-23 18:05:53","2023-11-23 18:05:53"
595,242,4,1,10.0,"2023-11-23 18:24:19","2023-11-23 18:24:19"
596,243,10,1,6.0,"2023-11-23 19:01:43","2023-11-23 19:01:43"
597,244,4,2,10.0,"2023-11-23 19:16:17","2023-11-23 19:16:17"
598,245,9,1,5.0,"2023-11-24 16:16:50","2023-11-24 16:16:50"
599,246,9,1,5.0,"2023-11-24 16:56:10","2023-11-24 16:56:10"
600,247,9,2,5.0,"2023-11-24 17:01:00","2023-11-24 17:01:00"
601,248,10,2,6.0,"2023-11-24 17:23:43","2023-11-24 17:23:43"
602,249,9,2,5.0,"2023-11-24 17:29:37","2023-11-24 17:29:37"
603,249,10,2,6.0,"2023-11-24 17:29:37","2023-11-24 17:29:37"
604,250,9,5,5.0,"2023-11-24 17:55:22","2023-11-24 17:55:22"
605,250,10,1,6.0,"2023-11-24 17:55:22","2023-11-24 17:55:22"
606,251,9,3,5.0,"2023-11-24 17:55:42","2023-11-24 17:55:42"
607,251,10,3,6.0,"2023-11-24 17:55:42","2023-11-24 17:55:42"
